{"rows":220,"cols":320,"frameCount":84,"indices":[0,5,10,15,20,25,30,35,40,45,50,55,60,65,70,75,80,86,91,96,101,106,111,116,121,126,131,136,141,146,151,156,161,166,172,177,182,187,192,197,202,207,212,217,222,227,232,237,242,247,253,258,263,268,273,278,283,288,293,298,303,308,313,318,323,328,333,339,344,349,354,359,364,369,374,379,384,389,394,399,404,409,414,420],"timeValues":[0,50,100,150,200,250,300,350,400,450,500,550,600,650,700,750,800,860,910,960,1010,1060,1110,1160,1210,1260,1310,1360,1410,1460,1510,1560,1610,1660,1720,1770,1820,1870,1920,1970,2020,2070,2120,2170,2220,2270,2320,2370,2420,2470,2530,2580,2630,2680,2730,2780,2830,2880,2930,2980,3030,3080,3130,3180,3230,3280,3330,3390,3440,3490,3540,3590,3640,3690,3740,3790,3840,3890,3940,3990,4040,4090,4140,4199],"urbanFrac":[0.0,0.0,0.0,0.00019587103452067822,0.0005680260364897549,0.0010772907407954335,0.0015865553868934512,0.0021741685923188925,0.0027421945706009865,0.0032318721059709787,0.0038978336378932,0.004524621181190014,0.005210169591009617,0.006091589108109474,0.006816312205046415,0.007678144611418247,0.008716261014342308,0.010106945410370827,0.011027539148926735,0.012046068906784058,0.013475927524268627,0.01463156659156084,0.017138715833425522,0.02125200815498829,0.02679515816271305,0.03304344415664673,0.03925255686044693,0.045814234763383865,0.051945000886917114,0.05652838200330734,0.060739610344171524,0.06475496292114258,0.0681239441037178,0.071453757584095,0.07531241327524185,0.07850511372089386,0.08126689493656158,0.08387197554111481,0.08681004494428635,0.08869040757417679,0.09151095151901245,0.0941552072763443,0.0967407077550888,0.09985505789518356,0.10257766395807266,0.10569201409816742,0.10911975800991058,0.1120186448097229,0.11487836390733719,0.11814940720796585,0.12114623934030533,0.12373173236846924,0.12571002542972565,0.12753163278102875,0.1292748898267746,0.1307830959558487,0.13193872570991516,0.1332118958234787,0.13444587588310242,0.1355035901069641,0.13648293912410736,0.13718807697296143,0.13793238997459412,0.1386766880750656,0.13908801972866058,0.13967563211917877,0.14004778861999512,0.1404591202735901,0.14071375131607056,0.1411055028438568,0.14126218855381012,0.14145806431770325,0.14159516990184784,0.14161476492881775,0.14165394008159637,0.14175187051296234,0.14179104566574097,0.14186939597129822,0.14188897609710693,0.14192815124988556,0.14194774627685547,0.14194774627685547,0.14196732640266418,0.1419869214296341],"offsets":{"water":0,"farmland":70400,"eco":140800,"dikes":211200,"frames":[281600,352000,422400,492800,563200,633600,704000,774400,844800,915200,985600,1056000,1126400,1196800,1267200,1337600,1408000,1478400,1548800,1619200,1689600,1760000,1830400,1900800,1971200,2041600,2112000,2182400,2252800,2323200,2393600,2464000,2534400,2604800,2675200,2745600,2816000,2886400,2956800,3027200,3097600,3168000,3238400,3308800,3379200,3449600,3520000,3590400,3660800,3731200,3801600,3872000,3942400,4012800,4083200,4153600,4224000,4294400,4364800,4435200,4505600,4576000,4646400,4716800,4787200,4857600,4928000,4998400,5068800,5139200,5209600,5280000,5350400,5420800,5491200,5561600,5632000,5702400,5772800,5843200,5913600,5984000,6054400,6124800]},"sizes":{"layerBytes":70400,"frameBytes":70400}}